{"cameraMode":{"drawMode":0,"name":"Shaded","section":"Shading Mode"},"sceneLighting":true,"audioPlay":false,"sceneViewState":{"showFog":true,"showMaterialUpdate":false,"showSkybox":true,"showFlares":true,"showImageEffects":true,"showParticleSystems":true},"in2DMode":false,"pivot":{"x":-0.14356422424316407,"y":-0.05193805694580078,"z":0.2782936096191406},"rotation":{"x":-0.17706972360610963,"y":0.6862984299659729,"z":-0.1780296117067337,"w":-0.6826038956642151},"size":3.269604444503784,"orthographic":false}