{"cameraMode":{"drawMode":0,"name":"Shaded","section":"Shading Mode"},"sceneLighting":true,"audioPlay":false,"sceneViewState":{"showFog":true,"showMaterialUpdate":false,"showSkybox":true,"showFlares":true,"showImageEffects":true,"showParticleSystems":true},"in2DMode":false,"pivot":{"x":-1.2814178466796876,"y":-0.980842113494873,"z":-0.338592529296875},"rotation":{"x":-0.22451800107955934,"y":0.3519585132598877,"z":-0.0873672291636467,"w":-0.9044857621192932},"size":11.664365768432618,"orthographic":false}