{"cameraMode":{"drawMode":0,"name":"Shaded","section":"Shading Mode"},"sceneLighting":true,"audioPlay":false,"sceneViewState":{"showFog":true,"showMaterialUpdate":false,"showSkybox":true,"showFlares":true,"showImageEffects":true,"showParticleSystems":true},"in2DMode":false,"pivot":{"x":0.4226512908935547,"y":-1.1518621444702149,"z":-6.385658264160156},"rotation":{"x":0.08435971289873123,"y":-0.7872127890586853,"z":0.11053445190191269,"w":0.6008031368255615},"size":11.920109748840332,"orthographic":false}