{"cameraMode":{"drawMode":31,"name":"Sprite Mask","section":"Miscellaneous"},"sceneLighting":true,"audioPlay":false,"sceneViewState":{"showFog":true,"showMaterialUpdate":false,"showSkybox":true,"showFlares":true,"showImageEffects":true,"showParticleSystems":true},"in2DMode":false,"pivot":{"x":3.841710090637207,"y":0.3200359344482422,"z":0.6655021905899048},"rotation":{"x":0.1996372789144516,"y":-0.6820516586303711,"z":0.20204883813858033,"w":0.6739120483398438},"size":7.853719711303711,"orthographic":false}