{"cameraMode":{"drawMode":0,"name":"Shaded","section":"Shading Mode"},"sceneLighting":true,"audioPlay":false,"sceneViewState":{"showFog":true,"showMaterialUpdate":false,"showSkybox":true,"showFlares":true,"showImageEffects":true,"showParticleSystems":true},"in2DMode":false,"pivot":{"x":2.8984375,"y":1.316162109375,"z":0.8889923095703125},"rotation":{"x":-0.043267279863357547,"y":0.7087567448616028,"z":-0.042819950729608539,"w":-0.7029967308044434},"size":9.20205020904541,"orthographic":true}