{"cameraMode":{"drawMode":0,"name":"Shaded","section":"Shading Mode"},"sceneLighting":false,"audioPlay":false,"sceneViewState":{"showFog":true,"showMaterialUpdate":false,"showSkybox":false,"showFlares":true,"showImageEffects":true,"showParticleSystems":true},"in2DMode":false,"pivot":{"x":10.75,"y":2.6600000858306886,"z":4.119999885559082},"rotation":{"x":0.2530730962753296,"y":0.6935968399047852,"z":0.2881986200809479,"w":-0.6098872423171997},"size":0.8660253882408142,"orthographic":true}